,Louvain,Leiden,Infomap,LabelProp
Louvain,1.0,0.8181084412593528,0.634473166788108,0.5421559705907335
Leiden,0.8181084412593528,1.0,0.6232380005871163,0.5480782865111171
Infomap,0.634473166788108,0.6232380005871163,1.0,0.6977652127707579
LabelProp,0.5421559705907335,0.5480782865111171,0.6977652127707579,1.0
