algorithm,num_communities,largest_size,median_size,singletons,modularity_NG,modularity_ER,avg_conductance,internal_edge_density
Louvain,60,747,165,0,0.8186464447051612,0.8192891264776935,0.14969660331351695,0.018334459293882176
Leiden,57,738,173,0,0.8192343428595568,0.8197826733539308,0.15095937621144223,0.016792168224931212
Infomap,503,592,6,1,0.7718485737212881,0.7725661756316187,0.28630917055821825,0.42641607391618075
LabelProp,931,863,2,0,0.7337398056812477,0.7353811530631087,0.37144132941911867,0.7376583029561863
