,Louvain,Leiden,Infomap,LabelProp
Louvain,1.0,0.883709384977353,0.8502691171081017,0.7622999629182066
Leiden,0.883709384977353,1.0,0.8276904760698444,0.7629310420232506
Infomap,0.8502691171081017,0.8276904760698444,1.0,0.8767371842497534
LabelProp,0.7622999629182066,0.7629310420232506,0.8767371842497534,1.0
